"search_keyword","qc","uqc"
"lp플레이어","46","19"
"베란다타일","74","15"
"tv장","59","17"
"아이패드","37","16"
"리빙다이닝","112","12"
"우드","199","45"
"전자렌지수납장","50","12"
"10평","54","11"
"아기방꾸미기","384","35"
"북선반","81","33"
"홈캠핑","88","16"
"조리도구","26","11"
"휴도","12","11"
"불멍","43","17"
"캠핑","220","43"
"암체어","46","13"
"먼지털이","23","12"
"무선청소기","18","14"
"원형식탁","135","24"
"세탁실","275","37"
"투명테이블","51","20"
"피시방","190","15"
"라운지체어","87","13"
"왕자행거","119","13"
"크로우캐년","42","12"
"철제침대","117","16"
"쉬폰 패브릭 포스터","47","17"
"아치형 전신거울","57","11"
"모듈가구","106","30"
"여름 러그","125","21"
"1인 쇼파","45","18"
"핑크","205","36"
"소파쿠션","45","13"
"변기커버","19","11"
"바테이블","100","28"
"조적욕조","132","14"
"그릇","151","50"
"2인 쇼파","50","13"
"페인트","63","24"
"두꺼비집가리개","63","15"
"우산꽂이","22","13"
"패브릭 가리개","72","25"
"1.5룸","226","39"
"포스터패브릭","25","12"
"시스템행거","177","39"
"카펫","71","38"
"신발정리","44","15"
"라탄의자","60","22"
"에싸","121","17"
"모자정리","62","17"
"냄비","71","22"
"옷장정리","75","20"
"화장실인테리어","210","23"
"주방정리","60","12"
"화장품","44","14"
"tv없는거실","112","14"
"복층 인테리어","178","14"
"아르떼미데","59","12"
"매트리스 커버","39","17"
"오덴세","20","12"
"분리수거","106","43"
"재활용","34","11"
"거실 러그","63","19"
"현관인테리어","68","20"
"캡슐보관함","69","14"
"방","41","21"
"미니멀","73","19"
"3인용쇼파","52","22"
"거치대","16","11"
"거실 책장","108","12"
"바지걸이","28","24"
"화장품정리","40","13"
"서재형거실","143","14"
"칫솔걸이","49","20"
"여름러그","41","20"
"연필꽂이","34","12"
"강아지계단","22","11"
"책상정리","131","17"
"홈바테이블","51","12"
"썬캐쳐","27","13"
"1인 소파","82","21"
"#침실인테리어","65","15"
"침대 프레임 슈퍼싱글","24","12"
"인조잔디","38","16"
"컴퓨터방","308","45"
"빔프로젝트","23","12"
"타워형","108","18"
"스텐드","35","13"
"식탁 조명","148","14"
"Tv","66","18"
"콘센트","30","22"
"반지하","62","11"
"암막 블라인드","32","12"
"옷방","250","47"
"강아지","70","13"
"수납벤치","188","17"
"노트북 거치대","32","15"
"드라이기 거치대","57","13"
"학생방","251","31"
"투룸","253","47"
"침대 프레임","137","46"
"국민임대","43","12"
"리프트업테이블","34","14"
"교구장","134","15"
"가리개커튼","92","30"
"간접조명","34","15"
"게이밍책상","40","12"
"코트랙","87","15"
"욕실선반","80","23"
"바닥매트","39","16"
"원룸꾸미기","62","11"
"가습기","79","31"
"폴딩도어","69","11"
"그레이","61","16"
"#원룸","126","21"
"카페트타일","66","15"
"소품","78","15"
"블랙앤화이트","46","12"
"거실러그","128","30"
"아기침대","211","33"
"키친타올걸이","50","12"
"스텐드조명","18","12"
"접이식테이블","82","43"
"이케아 선반","36","13"
"2인용쇼파","23","14"
"문","26","11"
"침대패드","21","16"
"주방수납","63","16"
"전자렌지","33","12"
"주방인테리어","239","33"
"베개커버","114","39"
"시몬스","148","14"
"아트월","68","14"
"안락의자","35","11"
"오피스텔","105","28"
"벽조명","70","15"
"지누스","59","15"
"원형러그","68","27"
"정수기","50","22"
"해바라기","27","11"
"면기","76","12"
"요가매트","34","11"
"에어컨","146","35"
"침대협탁","146","38"
"티비거치대","153","32"
"브레드박스","69","12"
"커피포트","54","24"
"싱글침대","37","14"
"고양이","232","40"
"전등","19","15"
"속옷정리","45","12"
"체크러그","62","12"
"거실 인테리어","42","11"
"키보드","44","15"
"수세미","31","15"
"스피커","97","33"
"침대깔판","53","23"
"마당","187","12"
"코너장","45","14"
"자취","93","14"
"문손잡이","101","19"
"인센스","42","11"
"매트리스커버","112","50"
"미니 화장대","31","12"
"몰딩","75","20"
"공부방","223","37"
"주방수납장","120","32"
"다이닝룸","151","21"
"식물선반","58","13"
"슬라이딩옷장","29","14"
"행복주택 21형","68","11"
"오일병","42","11"
"파라솔","115","23"
"카페","92","26"
"집들이","114","17"
"규조토 발매트","26","16"
"러그 카페트","48","19"
"화장대 정리","149","12"
"초등학생방","171","19"
"로봇청소기","36","13"
"미니테이블","23","18"
"컵","72","39"
"침대테이블","32","20"
"헹거","82","27"
"욕실 선반","43","13"
"게스트룸","150","15"
"이케아 수납장","53","15"
"2인 소파","73","24"
"cd플레이어","81","32"
"책상 ","54","11"
"밥솥","75","36"
"분리수거함","185","50"
"매거진랙","33","13"
"제네바스피커","45","11"
"아일랜드식탁의자","43","14"
"식탁 의자","53","18"
"턴테이블","119","37"
"식탁세트","40","13"
"5평","79","13"
"좌식","59","14"
"가림막커튼","62","20"
"네트망","69","22"
"서재인테리어","86","12"
"스위치","59","21"
"시라쿠스","23","14"
"놀이방","155","23"
"상부장","22","11"
"화장대 거울","41","15"
"등받이쿠션","37","20"
"규조토","45","20"
"옥상꾸미기","119","14"
"펜트리","76","19"
"주방조명","118","16"
"비스포크냉장고","59","16"
"우드톤","47","14"
"#자취방","126","12"
"현관등","51","12"
"비스포크","227","17"
"빨래건조대","151","48"
"와인잔","68","24"
"자취방","71","14"
"노랑","41","16"
"평상","112","18"
"비정형거울","33","18"
"라탄","93","33"
"타일","204","46"
"수납함","73","28"
"접이식 테이블","38","17"
"장롱","45","11"
"실내화","119","46"
"화이트","61","15"
"체커보드","88","25"
"디퓨저","135","49"
"마틸라","15","14"
"미드센츄리모던","205","26"
"베드테이블","65","19"
"모니터","60","17"
"사진걸이","57","19"
"다락방","57","14"
"스타우브","39","12"
"사진","41","22"
"앞치마","22","14"
"아기옷장","69","13"
"샤워커튼","46","21"
"쇼파베드","38","18"
"맘마존","149","15"
"식기세척기","132","27"
"악세사리 보관함","92","12"
"음식물처리기","28","11"
"이층침대","112","20"
"알파룸","121","16"
"그릇정리대","38","13"
"가죽소파","100","17"
"실내화거치대","47","12"
"신혼희망타운","59","16"
"포크","45","12"
"화장실수납","31","13"
"파우더룸","199","29"
"블랙","123","22"
"아일랜드","98","24"
"벽","39","17"
"미니냉장고","36","14"
"탁상거울","45","16"
"쉬폰커튼","37","18"
"주방매트","177","43"
"침구","235","49"
"무채색","183","26"
"벽등","84","18"
"저상형침대","73","22"
"화장대 의자","69","19"
"세라믹식탁","77","20"
"대리석","43","11"
"미드센추리","68","14"
"웨인스코팅","75","14"
"베란다매트","33","15"
"테라스꾸미기","183","20"
"모자걸이","47","16"
"덕질존","77","14"
"옷정리","106","40"
"반원테이블","65","25"
"커튼봉","57","37"
"코일매트","62","17"
"옷정리함","51","15"
"믹서기","72","23"
"타일테이블","63","14"
"거실화","76","25"
"오타쿠","79","13"
"티테이블","67","24"
"벤치","62","12"
"일광전구","48","19"
"월넛","57","11"
"세탁기","47","21"
"원형 테이블","56","20"
"스탠바이미","45","15"
"물티슈케이스","17","11"
"흔들의자","79","23"
"좌식화장대","47","17"
"마샬","83","24"
"블랭킷","111","30"
"야외테이블","63","12"
"캄포소파","205","21"
"행복주택26형","120","16"
"제습기","56","31"
"텀블러","17","12"
"인터폰가리개","46","12"
"일룸","16","12"
"서랍","78","42"
"프레임","24","15"
"칫솔살균기","105","22"
"전기포트","69","25"
"리퍼마켓","16","14"
"가방정리","113","23"
"좌식 화장대","43","16"
"6인용식탁","67","14"
"주방등","32","11"
"책상 스탠드","55","15"
"세면대","94","17"
"양념통","129","34"
"현관문","139","28"
"루이스폴센","67","16"
"전세집인테리어","54","11"
"샹들리에","66","16"
"여름 이불","89","39"
"화이트인테리어","77","14"
"베란다 타일","127","13"
"꽃","40","16"
"티비","96","25"
"더블침대","54","11"
"방문손잡이","43","11"
"수납침대","253","47"
"지브리","264","32"
"안방베란다","110","14"
"6평","113","16"
"에어프라이어","156","36"
"게이밍의자","68","13"
"구옥","118","18"
"주방선반","33","13"
"호텔","71","11"
"포토존","99","20"
"거실등","72","14"
"가방","28","12"
"lp","89","13"
"캣타워","102","30"
"컴퓨터","150","32"
"벽거울","74","21"
"음식물쓰레기통","22","16"
"스탠드옷걸이","62","14"
"욕실화","163","49"
"자코모","41","11"
"발코니","93","16"
"이불세트","130","42"
"리퍼","22","16"
"모던","50","15"
"원형테이블 800","38","14"
"건식화장실","105","20"
"소파 테이블","54","12"
"타공판","164","32"
"유리컵","33","11"
"욕실매트","53","23"
"화장품정리함","206","45"
"주방 수납장","46","13"
"잠옷","75","24"
"이케아 책상","56","13"
"좁은방","122","23"
"시트지","48","25"
"베란다 꾸미기","110","15"
"꽃병","135","44"
"2인쇼파","16","11"
"부엌","171","27"
"취미방","211","16"
"캔들워머","75","27"
"탁상 거울","25","13"
"템바보드","226","35"
"컴퓨터 책상","115","20"
"화이트우드","57","16"
"드라이기","15","12"
"행거옷장","97","17"
"1인쇼파","124","26"
"그릇세트","68","15"
"화이트 룸투어","31","12"
"버너","28","19"
"작업실","246","42"
"정리함","44","23"
"광폭거실","87","11"
"패브릭소파","50","11"
"무타공 벽선반","54","15"
"오하우스","46","29"
"틈새수납장","41","20"
"미니수납장","59","13"
"수저세트","68","19"
"테이블매트","142","39"
"거실인테리어","40","11"
"건조기","81","32"
"재활용분리수거함","22","12"
"모듈수납장","46","11"
"티슈케이스","29","15"
"리빙박스","93","36"
"속옷정리함","31","16"
"모니터 받침대","113","22"
"현관매트","50","20"
"윈도우시트","80","14"
"선반장","107","29"
"휴지통","103","35"
"빨래통","102","19"
"옷걸이행거","58","22"
"쌀통","56","16"
"씽크대","112","15"
"화분받침대","48","17"
"포인트벽지","72","12"
"탁상시계","80","20"
"칫솔꽂이","119","48"
"화이트보드","22","13"
"압축봉","23","15"
"북타워","37","12"
"1평","107","12"
"식탁등","459","49"
"원룸 인테리어","176","39"
"체커보드 러그","38","14"
"슈퍼싱글침대","27","11"
"미니화장대","33","15"
"화장대 조명","41","13"
"홈카페장","100","16"
"숨숨집","43","14"
"후라이팬","41","11"
"그릇장","98","24"
"Lp","64","16"
"데스커","279","45"
"26형","98","11"
"가리개 커튼","55","19"
"조명스탠드","38","16"
"원목침대","98","17"
"일리","85","15"
"화장대정리함","31","16"
"침대 프레임 퀸","34","13"
"배드테이블","27","14"
"데이베드","72","11"
"써큘레이터","73","31"
"모빌","151","44"
"식탁조명","145","23"
"수납박스","16","11"
"창문커튼","38","11"
"무인양품","67","19"
"수납선반","15","13"
"행복주택 36형","252","26"
"토스트기","23","13"
"차박","36","13"
"책상의자","85","26"
"배란다","62","13"
"원목식탁","126","16"
"방문","218","21"
"커트러리","73","21"
"오하우스시즌6","39","22"
"라탄바구니","50","24"
"수유의자","81","15"
"암막 커튼","66","13"
"유리 테이블","39","11"
"냉장고장","300","39"
"팬트리","197","30"
"접이식의자","45","30"
"가방수납","134","26"
"거실수납장","69","11"
"전골냄비","31","11"
"인테리어소품","61","17"
"탁자","26","22"
"4인식탁","31","13"
"레어로우","191","22"
"포토제니아굿즈","123","13"
"음악작업실","91","11"
"신생아방","97","17"
"인형","20","16"
"인테리어","46","15"
"요거트볼","23","11"
"책꽂이선반","28","12"
"usm","125","11"
"블루투스 스피커","120","47"
"오투가구","79","18"
"원룸 가구","54","19"
"그레이 인테리어","43","14"
"화장실매트","31","12"
"싱글 침대","39","14"
"베란다수납","126","12"
"pc방","80","11"
"장식장","177","44"
"행복주택","322","34"
"사무실","140","25"
"여름이불세트","61","35"
"스팀다리미","38","26"
"유리테이블","74","17"
"엽서","143","42"
"알루미늄 블라인드","74","17"
"행복주택 26형","147","15"
"홈바의자","36","11"
"단스탠드","62","17"
"장미맨숀","96","24"
"강아지매트","33","13"
"투룸인테리어","64","15"
"다리미","25","19"
"좌식소파","84","40"
"향수진열대","90","16"
"포스터액자","50","11"
"#데스크테리어","89","21"
"에어컨청소","19","17"
"낮은식탁","58","11"
"물병","26","12"
"가림막","63","40"
"엔틱","180","31"
"컵걸이","44","14"
"원목책상","126","17"
"책상 의자","51","18"
"아이맥","160","25"
"차렵이불","42","21"
"분유존","78","12"
"침실인테리어","185","38"
"접시","64","39"
"복층오피스텔","72","11"
"사이드 테이블","55","15"
"접이식 식탁","48","11"
"담요","49","28"
"접이식식탁","54","19"
"휴지케이스","61","26"
"전면책장","111","16"
"이케아 서랍장","36","13"
"화장대거울","42","16"
"가방걸이","33","17"
"침대 헤드","40","11"
"원목의자","84","14"
"침대커버","43","19"
"여름침구","67","14"
"패브릭","82","42"
"데코뷰","28","11"
"사운드바","88","11"
"캐리어","14","13"
"6평오피스텔","69","12"
"방석","82","48"
"냉장고정리","86","12"
"머그컵","30","20"
"달력","87","21"
"인덕션","37","16"
"문고리","113","24"
"벽난로","141","26"
"쿠션커버","80","26"
"화장품정리대","60","12"
"트레이","86","31"
"원목테이블","85","19"
"배게 커버","63","17"
"쇼파커버","134","44"
"피규어","86","13"
"시디즈","45","14"
"바디필로우","16","13"
"usm haller","98","12"
"피아노","187","29"
"뷰티샵","67","11"
"쇠데르함","490","16"
"매트리스 깔판","52","28"
"냄비받침","27","15"
"홈 카페","31","18"
"아일랜드수납장","35","11"
"스타일러","153","21"
"티비스탠드","121","21"
"선반수납장","13","11"
"식탁매트","93","25"
"여름 이불 세트","39","16"
"미니멀라이프","34","12"
"데코타일","105","24"
"초록","89","18"
"이불장","43","17"
"실링팬","128","25"
"작은방꾸미기","45","14"
"거실책장","71","12"
"복층원룸","55","12"
"화장품 정리함","28","12"
"어항","249","33"
"철제선반","61","25"
"인생네컷","148","38"
"작은방","127","29"
"잭슨카멜레온","75","15"
"그린","55","11"
"거실 테이블","63","22"
"접이식 의자","28","12"
"베개","114","39"
"돗자리","37","18"
"좌식 테이블","34","14"
"바구니","22","19"
"밥상","26","15"
"좌식의자","55","33"
"화장품 정리","95","16"
"우드인테리어","50","11"
"원룸 공간분리","82","12"
"옥상","179","16"
"레트로","127","17"
"투명의자","92","29"
"벽꾸미기","82","16"
"큐커","94","20"
"진열장","87","20"
"암막커튼 작은창","28","14"
"tv거치대","31","12"
"침구세트","93","23"
"시스템선반","80","14"
"캔들","49","22"
"소파커버","45","29"
"1인소파","161","45"
"드림캐쳐","21","12"
"그림","119","32"
"3평","80","15"
"신발정리대","18","13"
"네일샵","97","16"
"티비장","116","44"
"마켓비","21","16"
"장판","186","36"
"쇼파테이블","121","35"
"아이패드 거치대","85","16"
"까사미아","74","16"
"tv다이","71","16"
"렌지대","61","23"
"우드블라인드","93","19"
"컴퓨터의자","56","11"
"홈카페수납장","71","16"
"시스템장","72","15"
"이불커버","62","31"
"독서실책상","82","17"
"게임방","263","33"
"가리개","68","28"
"다용도실","143","15"
"홈짐","88","13"
"안방인테리어","96","20"
"오브제냉장고","66","11"
"체리몰딩","129","21"
"카페장","145","22"
"와인","54","14"
"욕조","128","28"
"도마","61","32"
"거실 식탁","104","13"
"원형 러그","22","12"
"매트","53","28"
"건조대","35","25"
"침대 협탁","36","13"
"캠핑의자","103","32"
"수전","43","15"
"좁은거실","164","16"
"집들이선물","32","15"
"데스크","245","22"
"싱크대","230","40"
"거실커튼","100","23"
"책선반","40","12"
"안마의자","151","17"
"두닷","36","12"
"모던미드센추리","109","12"
"안방커튼","122","17"
"스탠드 조명","65","20"
"빔","30","19"
"신혼집","47","20"
"호텔침대","74","14"
"리클라이너","46","17"
"리클라이너1인","71","12"
"화분선반","90","24"
"바닥","69","24"
"미니서랍장","24","11"
"모듈소파","171","24"
"전자레인지 선반","78","37"
"인센스홀더","115","24"
"침대헤드","113","24"
"2평","91","12"
"패밀리침대","358","46"
"손잡이","38","12"
"오늘의집","26","16"
"마우스패드","60","11"
"페브릭포스터","38","20"
"강아지집","98","18"
"현관타일","201","21"
"화장대정리","145","19"
"주방타일","94","22"
"벽난로콘솔","135","23"
"스트링선반","28","12"
